id,first_name,last_name,email,gender,ip_address
1,Theo,Marques,tmarques0@microsoft.com,Female,0.95.76.151
2,Maurita,Meneely,mmeneely1@msn.com,Female,246.177.202.74
3,Lydie,Kildahl,lkildahl2@diigo.com,,224.123.150.168
4,Rodd,Grim,rgrim3@people.com.cn,Male,28.137.142.240
5,Farrand,Mc Mechan,fmcmechan4@oakley.com,,
6,Bernice,Muxworthy,bmuxworthy5@fastcompany.com,,176.125.213.181
7,Adora,Battershall,abattershall6@webeden.co.uk,,89.219.97.192
8,Clea,Toulmin,ctoulmin7@symantec.com,,20.78.186.35
9,Sam,Giller,sgiller8@e-recht24.de,Female,
10,Rolando,Lukes,rlukes9@google.ru,Male,74.236.90.235
11,Darn,Peperell,dpeperella@home.pl,Male,221.227.101.150
12,Aubrey,Rooper,arooperb@si.edu,Female,105.7.218.87
13,Trumann,Moller,tmollerc@canalblog.com,,16.120.122.119
14,Sibilla,Godsal,sgodsald@nydailynews.com,Female,119.206.152.38
15,Franklin,Hunnywell,fhunnywelle@goo.ne.jp,Male,
16,Grantley,Butterick,gbutterickf@usa.gov,Male,100.166.167.124
17,Zacherie,Ickowics,zickowicsg@mayoclinic.com,Male,129.244.191.2
18,Desiri,Burnip,dburniph@globo.com,Female,225.52.241.4
19,Robin,Flann,rflanni@livejournal.com,Male,137.132.155.242
20,Bethany,Lyster,blysterj@cmu.edu,Female,36.84.150.250
21,Lelia,Philips,lphilipsk@mlb.com,Female,21.203.154.69
22,Druci,Brason,dbrasonl@japanpost.jp,Agender,
23,Cinda,Ziems,cziemsm@cbslocal.com,Female,233.46.234.37
24,Eyde,Eardley,eeardleyn@deviantart.com,Female,53.52.110.108
25,Hilario,Kilpatrick,hkilpatricko@europa.eu,,153.207.207.143
26,Royall,Sidwick,rsidwickp@blogs.com,Male,
27,Jamie,Daw,jdawq@forbes.com,,
28,Mylo,McDool,mmcdoolr@bloomberg.com,Male,217.140.31.51
29,Aluin,Lindblom,alindbloms@amazon.de,Male,
30,Jefferson,Concannon,jconcannont@joomla.org,Male,147.101.237.187
31,Darya,Blowfield,dblowfieldu@msn.com,Female,62.54.230.177
32,Damara,Caplen,dcaplenv@liveinternet.ru,Non-binary,
33,Athene,Clapton,aclaptonw@engadget.com,Female,71.91.150.142
34,Catina,Blankley,cblankleyx@freewebs.com,Female,85.35.202.168
35,Webb,Thrower,wthrowery@hp.com,Male,143.11.110.189
36,Daphne,Curran,dcurranz@pinterest.com,Female,156.154.61.5
37,Ruthe,Silverlock,rsilverlock10@omniture.com,Female,145.250.37.254
38,Adora,Backes,abackes11@reference.com,Female,
39,Marnie,Terrill,mterrill12@whitehouse.gov,Non-binary,79.230.240.13
40,Hyacinth,Jardein,hjardein13@redcross.org,Female,84.221.132.161
41,Shana,Wither,swither14@google.fr,Female,236.8.64.212
42,Joni,Kornousek,jkornousek15@geocities.com,Female,9.181.80.57
43,Carlos,Meier,cmeier16@cocolog-nifty.com,,167.149.86.139
44,Garrek,Blaby,gblaby17@mlb.com,Male,140.234.179.90
45,Star,Garnsey,sgarnsey18@ifeng.com,Non-binary,218.29.195.105
46,Brook,Olivera,bolivera19@businessweek.com,Male,189.114.25.63
47,Jobye,MacKonochie,jmackonochie1a@mozilla.com,Female,167.43.224.64
48,Andriana,Boschmann,aboschmann1b@phpbb.com,Female,116.224.167.229
49,Sheeree,Phelips,sphelips1c@walmart.com,Female,53.73.199.217
50,Starlene,Starten,sstarten1d@topsy.com,Female,
51,Brandy,Dugan,bdugan1e@psu.edu,Bigender,153.170.163.96
52,Clifford,Unger,cunger1f@gmpg.org,Polygender,209.81.249.5
53,Ware,Pietrusiak,wpietrusiak1g@biblegateway.com,Male,40.247.121.75
54,Chucho,Garbert,cgarbert1h@miibeian.gov.cn,Male,89.24.101.142
55,Finn,Coch,fcoch1i@soup.io,Polygender,56.52.209.131
56,Lotty,Highnam,lhighnam1j@bluehost.com,Female,
57,Celeste,Sailor,csailor1k@csmonitor.com,Polygender,30.25.137.26
58,Alyssa,Demangeon,ademangeon1l@list-manage.com,Female,
59,Charlotte,Cubin,ccubin1m@xrea.com,Female,170.196.155.25
60,Townsend,Ratt,tratt1n@slashdot.org,,185.144.24.200
61,Ruthann,Amberg,ramberg1o@smugmug.com,Female,240.88.10.106
62,Roderic,Gowenlock,rgowenlock1p@godaddy.com,Male,23.126.226.188
63,Giustina,Cubley,gcubley1q@flavors.me,Female,240.244.199.61
64,Sigismund,Trainor,strainor1r@wunderground.com,Bigender,
65,Valentina,Golbourn,vgolbourn1s@yelp.com,Female,125.197.194.232
66,Atalanta,Durn,adurn1t@addtoany.com,,
67,Omar,Spragg,ospragg1u@uol.com.br,Male,68.197.13.107
68,Averyl,Rablan,arablan1v@google.nl,Female,35.49.90.158
69,Donavon,O' Mahony,domahony1w@yellowbook.com,Male,104.136.59.201
70,Ursala,Rollingson,urollingson1x@statcounter.com,Female,206.104.181.144
71,Elga,Dodamead,edodamead1y@purevolume.com,Female,172.237.21.240
72,Mathilde,Blandamere,mblandamere1z@myspace.com,Female,
73,Clemence,Betton,cbetton20@networkadvertising.org,Agender,62.111.24.208
74,Verla,Howat,vhowat21@icio.us,Female,42.143.74.155
75,Cornie,Wegener,cwegener22@yahoo.com,Male,171.246.139.129
76,Anne-marie,MacKaig,amackaig23@bloglines.com,Female,174.233.250.206
77,Orton,Beven,obeven24@creativecommons.org,Male,
78,Em,De Mitri,edemitri25@eepurl.com,Female,26.220.111.107
79,Laura,McLean,lmclean26@last.fm,Female,
80,Chad,Roman,croman27@npr.org,Male,98.95.119.197
81,Saudra,Giraudat,sgiraudat28@linkedin.com,Female,162.242.241.174
82,Ignace,Howsley,ihowsley29@4shared.com,Male,167.72.99.67
83,Barbette,Claffey,bclaffey2a@sitemeter.com,Female,
84,Ed,Woodlands,ewoodlands2b@paginegialle.it,Male,213.63.34.150
85,Abigail,Lawly,alawly2c@rambler.ru,Female,38.31.153.65
86,Sly,Gautrey,sgautrey2d@ebay.co.uk,Male,102.194.67.125
87,Bennie,Flindall,bflindall2e@blogtalkradio.com,Female,79.119.17.39
88,Ario,Cosans,acosans2f@tripod.com,Male,191.164.63.114
89,Doralynn,Larkcum,dlarkcum2g@simplemachines.org,Genderqueer,
90,Flynn,Lampaert,flampaert2h@ucla.edu,Male,193.195.80.151
91,Esme,Curston,ecurston2i@ning.com,Male,27.242.244.119
92,Derry,Skryne,dskryne2j@twitpic.com,,
93,Mae,Padley,mpadley2k@diigo.com,Female,56.27.75.147
94,Irwin,McNickle,imcnickle2l@de.vu,Male,114.72.197.77
95,Elna,Benbough,ebenbough2m@t.co,Female,
96,Jeniece,Dronsfield,jdronsfield2n@cbsnews.com,Female,143.119.35.61
97,Lorant,Vasyukov,lvasyukov2o@mozilla.com,Male,
98,Joyan,Denness,jdenness2p@blogtalkradio.com,Female,
99,Kathrine,Duinbleton,kduinbleton2q@nifty.com,Female,62.101.17.135
100,Price,Blofield,pblofield2r@pcworld.com,Male,
101,Nonna,Heningam,nheningam2s@ftc.gov,Non-binary,
102,Tuck,Corpes,tcorpes2t@google.es,Male,231.208.86.202
103,Janene,Leighfield,jleighfield2u@godaddy.com,Female,
104,Doralin,Kleinberer,dkleinberer2v@squarespace.com,Polygender,180.52.6.165
105,Linea,Seys,lseys2w@nature.com,Female,
106,Mic,Pithcock,mpithcock2x@phpbb.com,Male,10.33.122.226
107,Edan,Friman,efriman2y@bandcamp.com,Male,168.119.222.184
108,Demetra,Bosma,dbosma2z@miibeian.gov.cn,Female,
109,Lavina,Moquin,lmoquin30@kickstarter.com,,
110,Marcille,Kamenar,mkamenar31@free.fr,Female,156.92.198.95
111,Harley,Cianelli,hcianelli32@discovery.com,Male,135.241.88.118
112,Rosella,Klewi,rklewi33@liveinternet.ru,Female,84.107.236.166
113,Israel,Steggals,isteggals34@usnews.com,Male,
114,Brandi,Jerams,bjerams35@dell.com,Female,
115,Tarrance,Liebermann,tliebermann36@de.vu,Male,178.128.248.66
116,Kendall,Cammis,kcammis37@sina.com.cn,Male,22.94.5.104
117,Yehudi,Bohey,ybohey38@pbs.org,Genderqueer,
118,Janet,Dat,jdat39@kickstarter.com,Female,188.179.149.23
119,Maighdiln,Pavlenkov,mpavlenkov3a@123-reg.co.uk,Female,28.79.83.55
120,Bogey,Bartoloma,bbartoloma3b@tinypic.com,Male,91.187.155.237
121,Leonore,Elmar,lelmar3c@moonfruit.com,,
122,Olvan,Aysik,oaysik3d@about.me,Male,73.11.14.87
123,Manuel,Proudman,mproudman3e@shutterfly.com,Male,51.223.170.179
124,Jeremie,Romagosa,jromagosa3f@timesonline.co.uk,Male,67.89.60.170
125,Morten,Moogan,mmoogan3g@ebay.com,Male,16.181.25.43
126,Emogene,Lakeman,elakeman3h@cbslocal.com,Female,
127,Estele,Gribble,egribble3i@amazon.co.uk,Bigender,6.203.36.52
128,Tomasine,Begwell,tbegwell3j@jigsy.com,Female,
129,Burlie,Matteotti,bmatteotti3k@wix.com,Male,164.113.24.33
130,Elaina,Talton,etalton3l@dell.com,Female,
131,Meier,Ballefant,mballefant3m@gravatar.com,Male,183.165.204.85
132,Shirley,Christie,schristie3n@skype.com,Female,48.105.184.240
133,Isa,Mansel,imansel3o@google.com.hk,Female,61.226.242.46
134,Kittie,Battelle,kbattelle3p@blogtalkradio.com,Female,108.145.99.194
135,Wittie,Pescott,wpescott3q@purevolume.com,Male,61.166.41.238
136,Oralle,Gregg,ogregg3r@list-manage.com,Female,129.233.104.80
137,Flory,Caras,fcaras3s@elegantthemes.com,Male,
138,Reinold,Emes,remes3t@princeton.edu,Male,
139,Gus,Ollie,gollie3u@usgs.gov,,
140,Baron,Howgate,bhowgate3v@paypal.com,Male,159.35.103.29
141,Jaynell,Teese,jteese3w@ow.ly,,43.117.24.25
142,Munroe,Hazeman,mhazeman3x@blogs.com,Male,199.109.251.60
143,Addi,Whisby,awhisby3y@ebay.com,Female,195.53.79.92
144,Ivan,Mattioli,imattioli3z@hostgator.com,Male,74.63.237.179
145,Emelen,Bande,ebande40@shareasale.com,Male,26.216.54.84
146,Ike,Humbey,ihumbey41@home.pl,Male,68.78.238.201
147,Katine,Mc Combe,kmccombe42@cam.ac.uk,Female,
148,Danni,McCorkell,dmccorkell43@europa.eu,Female,
149,Josey,Mellody,jmellody44@hhs.gov,Female,184.24.214.226
150,Wye,Lacroutz,wlacroutz45@redcross.org,Male,184.150.73.85
151,Wilt,Sutheran,wsutheran46@nymag.com,Male,83.232.140.137
152,Hali,McQuilkin,hmcquilkin47@networksolutions.com,Female,68.215.109.10
153,Alister,Chalfain,achalfain48@state.gov,Polygender,122.84.207.121
154,Delora,Losel,dlosel49@bloglines.com,Female,213.126.14.206
155,Christean,Willshee,cwillshee4a@pen.io,Female,215.74.13.246
156,Sanson,Fellini,sfellini4b@artisteer.com,Male,186.204.94.80
157,Gideon,Dabnot,gdabnot4c@webmd.com,Genderfluid,232.18.68.63
158,Ewan,Haquin,ehaquin4d@nydailynews.com,Male,
159,Linn,Karpets,lkarpets4e@geocities.jp,Non-binary,71.13.192.77
160,Flore,Yurenin,fyurenin4f@time.com,,97.112.163.54
161,Ryan,Tremonte,rtremonte4g@furl.net,Male,
162,Latia,Peever,lpeever4h@rediff.com,Non-binary,
163,Garvey,Sabbin,gsabbin4i@blog.com,Male,227.42.154.80
164,Gabie,Gadsby,ggadsby4j@cdc.gov,,12.185.189.54
165,Arlee,Kulis,akulis4k@mysql.com,Female,202.166.148.249
166,Ketty,Merington,kmerington4l@google.com,Female,231.196.252.6
167,Jewel,Walthall,jwalthall4m@eventbrite.com,Female,31.141.226.124
168,Selia,Kenninghan,skenninghan4n@mysql.com,Female,21.101.35.168
169,Lila,Bourke,lbourke4o@exblog.jp,Female,61.248.44.51
170,Doy,Mettricke,dmettricke4p@apple.com,Male,
171,Lawrence,Corr,lcorr4q@geocities.jp,Bigender,4.214.122.71
172,Karol,Deaconson,kdeaconson4r@canalblog.com,,207.159.231.2
173,Baldwin,Llopis,bllopis4s@cpanel.net,Male,223.230.9.93
174,Shae,Gillibrand,sgillibrand4t@icq.com,Female,
175,Gran,Hegden,ghegden4u@godaddy.com,Male,124.145.69.132
176,Nickolas,Fellows,nfellows4v@technorati.com,Male,89.94.110.183
177,Devlen,Beaves,dbeaves4w@blinklist.com,Male,155.234.157.208
178,Kessia,Gascard,kgascard4x@posterous.com,Agender,120.135.134.61
179,Tris,Zanuciolii,tzanuciolii4y@storify.com,Male,232.253.134.4
180,Melonie,Treherne,mtreherne4z@163.com,Female,49.105.35.150
181,Carissa,Dentith,cdentith50@godaddy.com,,177.159.65.227
182,Riobard,Warwicker,rwarwicker51@forbes.com,Male,175.54.237.49
183,Merline,Ibeson,mibeson52@timesonline.co.uk,Female,79.234.205.161
184,Morissa,Dongall,mdongall53@tripod.com,Female,
185,Herby,Kirkwood,hkirkwood54@slate.com,Male,51.155.121.129
186,Mildrid,Trillo,mtrillo55@gov.uk,Female,121.226.128.59
187,Rowena,Hillan,rhillan56@weibo.com,Female,25.204.163.6
188,Oralia,Rivard,orivard57@mediafire.com,Female,180.130.209.205
189,Adelice,Mungham,amungham58@webs.com,Female,95.164.92.202
190,Desmond,Rushworth,drushworth59@networksolutions.com,Male,75.47.25.146
191,Dwayne,Sellars,dsellars5a@japanpost.jp,Male,
192,Ximenez,Sleney,xsleney5b@ftc.gov,Male,121.121.135.34
193,Malia,Cawthron,mcawthron5c@irs.gov,,209.197.206.252
194,Arnoldo,Sked,asked5d@dyndns.org,Male,212.239.206.41
195,Natala,Banat,nbanat5e@bloomberg.com,Female,90.74.196.34
196,Neely,Natt,nnatt5f@imdb.com,Female,133.118.81.40
197,Barnard,Ridges,bridges5g@nymag.com,Male,
198,Freddie,Sallarie,fsallarie5h@google.cn,Male,249.48.145.113
199,Cointon,Moir,cmoir5i@infoseek.co.jp,Male,111.177.24.103
200,Cally,Hateley,chateley5j@apple.com,Female,53.13.252.158
201,Jasun,Wooffinden,jwooffinden5k@example.com,Male,
202,Griswold,Tucsell,gtucsell5l@answers.com,Male,14.189.65.168
203,Shep,Ornillos,sornillos5m@dailymail.co.uk,Male,
204,Lilith,Waskett,lwaskett5n@bloomberg.com,Female,112.116.113.53
205,Josie,Bruckner,jbruckner5o@bloomberg.com,Female,68.227.214.126
206,Corabelle,Danis,cdanis5p@bloomberg.com,Female,55.62.236.192
207,Pattie,Mossop,pmossop5q@1688.com,Male,177.230.175.50
208,Lance,Glyssanne,lglyssanne5r@webeden.co.uk,Male,79.146.231.217
209,Mathian,Hylands,mhylands5s@google.es,Male,
210,Arabele,Dorran,adorran5t@sohu.com,Female,151.184.106.15
211,Cris,Stooders,cstooders5u@bluehost.com,Male,127.23.83.124
212,Vin,Henrych,vhenrych5v@multiply.com,Female,194.160.236.3
213,Adelbert,Joseph,ajoseph5w@goo.ne.jp,Male,184.146.197.116
214,Frannie,Bursnoll,fbursnoll5x@reference.com,Female,214.201.161.234
215,Madalena,Oldroyde,moldroyde5y@elegantthemes.com,Female,68.182.139.218
216,Esra,Barnaby,ebarnaby5z@com.com,Male,
217,Nealson,Foulkes,nfoulkes60@fotki.com,Male,198.67.39.74
218,Hildagarde,Steinson,hsteinson61@ucoz.ru,,224.123.230.87
219,Vere,Fiveash,vfiveash62@wired.com,Female,
220,Erasmus,Casaletto,ecasaletto63@dedecms.com,Male,
221,Cindie,Hiddersley,chiddersley64@multiply.com,Female,176.47.54.208
222,Tedman,Coveley,tcoveley65@dyndns.org,Male,131.221.121.30
223,Leroy,Feaks,lfeaks66@taobao.com,Male,70.74.229.54
224,Daron,Olenchikov,dolenchikov67@indiegogo.com,Male,
225,Brod,Passe,bpasse68@sourceforge.net,Male,155.203.75.82
226,Bryna,Dawbery,bdawbery69@wix.com,,161.27.171.236
227,Corey,Stuther,cstuther6a@so-net.ne.jp,Male,60.72.222.130
228,Devon,Barrable,dbarrable6b@tamu.edu,Female,137.168.186.216
229,Adolpho,Lowrance,alowrance6c@google.com.hk,Male,4.161.131.126
230,Polly,Dobrowlski,pdobrowlski6d@4shared.com,,12.66.1.156
231,Ivie,Biskupski,ibiskupski6e@flickr.com,Female,
232,Katrinka,Paris,kparis6f@npr.org,Female,59.230.117.72
233,Rowan,Tomaszkiewicz,rtomaszkiewicz6g@a8.net,Male,129.107.173.27
234,Merline,Hamberston,mhamberston6h@uiuc.edu,,90.37.15.184
235,Kelsey,Alp,kalp6i@jimdo.com,Male,175.195.215.213
236,Omar,Slowcock,oslowcock6j@wordpress.org,Male,146.37.160.72
237,Wynn,Monshall,wmonshall6k@intel.com,Male,
238,Matteo,Orneblow,morneblow6l@goodreads.com,Male,60.57.76.251
239,Bill,Blagburn,bblagburn6m@omniture.com,Male,
240,Rafaello,Toll,rtoll6n@abc.net.au,Male,11.160.253.33
241,Noak,Brandom,nbrandom6o@networksolutions.com,Male,57.54.223.4
242,Derrick,Abercromby,dabercromby6p@exblog.jp,Male,245.205.58.158
243,Byrann,Dubery,bdubery6q@cornell.edu,Male,81.109.25.52
244,Marline,Curme,mcurme6r@google.de,,
245,Willey,Blacklawe,wblacklawe6s@cbslocal.com,Male,173.169.84.64
246,Melany,Pride,mpride6t@ask.com,Female,
247,Elle,Pfeffle,epfeffle6u@amazonaws.com,Female,
248,Kaela,Franschini,kfranschini6v@topsy.com,,32.119.137.241
249,Natty,Jakubczyk,njakubczyk6w@eventbrite.com,Male,
250,Fidole,Reede,freede6x@homestead.com,Male,169.215.77.242
251,Rafferty,Grevel,rgrevel6y@mtv.com,Genderfluid,142.28.172.118
252,Hadrian,Ackermann,hackermann6z@sciencedaily.com,Male,29.59.94.237
253,Mathe,Thorouggood,mthorouggood70@home.pl,Male,
254,Lisle,Martins,lmartins71@webmd.com,Male,163.240.142.53
255,Raychel,Foister,rfoister72@whitehouse.gov,Female,148.162.69.74
256,Kaylyn,Mighele,kmighele73@privacy.gov.au,,28.190.199.224
257,Stormie,Spalton,sspalton74@linkedin.com,Female,148.167.77.172
258,Sosanna,McCully,smccully75@unblog.fr,Female,
259,Marcellus,Lampens,mlampens76@discuz.net,Male,160.190.134.161
260,Rorke,Rozsa,rrozsa77@google.nl,Male,152.95.210.143
261,Abe,Lowe,alowe78@patch.com,Male,185.192.193.45
262,Jaymie,Wimmer,jwimmer79@vinaora.com,Male,194.240.26.184
263,Gaylord,Beccera,gbeccera7a@adobe.com,Male,213.56.160.239
264,Adrien,Dempsey,adempsey7b@elpais.com,Male,
265,Matthaeus,Ragles,mragles7c@wunderground.com,Male,
266,Bartlet,Brehat,bbrehat7d@yellowbook.com,Male,13.214.45.246
267,Gayelord,Regina,gregina7e@tinypic.com,Genderfluid,173.106.95.79
268,Bo,Scollick,bscollick7f@wisc.edu,Male,176.231.67.98
269,Maynard,Jacquot,mjacquot7g@dot.gov,Male,37.37.187.178
270,Alfreda,Stepto,astepto7h@japanpost.jp,Female,148.44.64.119
271,Dylan,Crummey,dcrummey7i@hexun.com,Male,
272,Nerta,Hughill,nhughill7j@pagesperso-orange.fr,Female,
273,Marion,Everit,meverit7k@ow.ly,,115.125.75.159
274,Maggie,Rudge,mrudge7l@webs.com,Female,139.5.216.244
275,Dorita,Moylane,dmoylane7m@samsung.com,Female,
276,Rooney,Meaking,rmeaking7n@berkeley.edu,Male,10.201.76.24
277,Madonna,Karpinski,mkarpinski7o@nifty.com,Female,40.254.109.16
278,Marcellina,Ellwood,mellwood7p@freewebs.com,Bigender,177.219.248.119
279,Pepita,MacAdie,pmacadie7q@dedecms.com,,163.82.241.72
280,Milena,Embleton,membleton7r@xinhuanet.com,Female,101.189.37.87
281,Antonin,Spaunton,aspaunton7s@jigsy.com,Male,42.138.16.46
282,Leroi,Knoton,lknoton7t@bravesites.com,Male,
283,Royce,Trew,rtrew7u@dropbox.com,Male,115.225.186.142
284,Delmar,Grigorushkin,dgrigorushkin7v@cornell.edu,Non-binary,228.235.149.98
285,Kaycee,McMeanma,kmcmeanma7w@phoca.cz,Female,188.165.16.183
286,Frederich,Pilpovic,fpilpovic7x@domainmarket.com,,231.230.169.243
287,Jesus,Landeg,jlandeg7y@va.gov,Male,
288,Anne-corinne,Joice,ajoice7z@epa.gov,Female,
289,Mordecai,Eriksson,meriksson80@usgs.gov,Male,
290,Alayne,Honywill,ahonywill81@spiegel.de,Genderqueer,209.94.42.118
291,Benny,O'Carran,bocarran82@eepurl.com,Female,81.139.211.251
292,Darcee,Kissock,dkissock83@nyu.edu,Bigender,178.19.38.249
293,Marguerite,Pischof,mpischof84@wordpress.com,Female,237.90.121.170
294,Burlie,Cabrales,bcabrales85@nature.com,Male,40.60.117.135
295,Joey,Simmgen,jsimmgen86@furl.net,Female,
296,Dennison,Whitton,dwhitton87@dailymail.co.uk,,
297,Carlyn,Cyphus,ccyphus88@arizona.edu,Female,
298,Eldridge,Sara,esara89@dion.ne.jp,,242.140.97.226
299,Blayne,Pachmann,bpachmann8a@friendfeed.com,Male,
300,Annabel,MacSorley,amacsorley8b@cdbaby.com,Female,104.215.37.18
301,Calypso,Ferentz,cferentz8c@xinhuanet.com,Female,173.110.47.221
302,Etty,Kilgrove,ekilgrove8d@imageshack.us,Female,93.149.40.174
303,Isa,Tocher,itocher8e@hostgator.com,Male,13.49.58.29
304,Barbara-anne,Gatheridge,bgatheridge8f@tuttocitta.it,Genderfluid,
305,Eileen,McGruar,emcgruar8g@microsoft.com,Female,51.112.70.120
306,Ryann,Worthington,rworthington8h@flickr.com,Female,
307,Sigfried,Mulqueen,smulqueen8i@shareasale.com,Male,73.90.111.59
308,Rosie,Lamburne,rlamburne8j@youku.com,Female,
309,Daisey,Bucke,dbucke8k@de.vu,Female,30.37.104.248
310,Darci,Varndall,dvarndall8l@mashable.com,Female,114.203.35.253
311,Beatrisa,Phillippo,bphillippo8m@reference.com,Female,44.20.173.248
312,Nels,Roxburgh,nroxburgh8n@hexun.com,Male,204.56.33.66
313,Donia,Rolinson,drolinson8o@technorati.com,Female,127.193.211.63
314,Miltie,Spurdon,mspurdon8p@bloglines.com,Male,10.166.50.25
315,Maximilien,Hauxwell,mhauxwell8q@washington.edu,Male,12.75.195.117
316,Rasla,Coulthart,rcoulthart8r@ted.com,,
317,Aluino,Alder,aalder8s@yolasite.com,Male,141.158.188.243
318,Roseann,Presley,rpresley8t@squarespace.com,Female,72.118.77.68
319,Elnar,Aumerle,eaumerle8u@1und1.de,Male,61.189.223.140
320,Willard,Braybrooke,wbraybrooke8v@scientificamerican.com,Male,57.33.227.206
321,Guthrey,Heyworth,gheyworth8w@biblegateway.com,Male,178.117.159.45
322,Cullie,Sex,csex8x@themeforest.net,Male,1.173.129.24
323,Toddy,Wakefield,twakefield8y@alexa.com,Male,170.8.177.224
324,Querida,Bathoe,qbathoe8z@wufoo.com,Female,59.33.112.14
325,Cordie,Itzkovici,citzkovici90@imdb.com,Male,
326,Harlan,Treacher,htreacher91@slideshare.net,Male,152.206.47.129
327,Irwin,Parry,iparry92@zimbio.com,,111.64.129.111
328,Nickolaus,Gotobed,ngotobed93@wp.com,Male,180.120.79.252
329,Jennine,Capstake,jcapstake94@timesonline.co.uk,Female,250.186.58.37
330,Cornell,Keattch,ckeattch95@google.de,Male,145.242.187.1
331,Darcy,Guymer,dguymer96@purevolume.com,Female,205.15.176.118
332,Elisa,Brosenius,ebrosenius97@theguardian.com,Female,110.58.27.209
333,Lissi,Falkingham,lfalkingham98@theguardian.com,Female,140.50.39.185
334,Gwen,Odeson,godeson99@odnoklassniki.ru,Female,
335,Laird,Bensen,lbensen9a@psu.edu,Male,179.43.218.253
336,Cristian,Drewitt,cdrewitt9b@barnesandnoble.com,Male,54.148.10.28
337,Reggis,Order,rorder9c@behance.net,Male,242.39.207.181
338,Maitilde,Levin,mlevin9d@timesonline.co.uk,Female,232.106.166.197
339,Shaughn,Dumini,sdumini9e@prweb.com,Male,
340,Gerry,Goodanew,ggoodanew9f@pen.io,Male,151.241.57.57
341,Cosette,Tiner,ctiner9g@squarespace.com,Female,
342,Nicola,Standfield,nstandfield9h@wunderground.com,Female,233.164.81.213
343,Carmela,Rosenblath,crosenblath9i@free.fr,Female,
344,Fairlie,Bryce,fbryce9j@fotki.com,Male,
345,Amalie,Dumigan,adumigan9k@nbcnews.com,,113.143.31.150
346,Renaud,Westhofer,rwesthofer9l@wunderground.com,Male,114.193.24.172
347,Harlin,Bearn,hbearn9m@jalbum.net,,226.1.85.231
348,Alair,Van Hove,avanhove9n@cbc.ca,Male,175.112.92.47
349,Morten,Askam,maskam9o@google.de,Male,28.166.105.187
350,Noelle,Spurden,nspurden9p@reference.com,Female,18.134.253.58
351,Gan,Ormond,gormond9q@w3.org,Male,
352,Kim,MacKowle,kmackowle9r@berkeley.edu,,113.137.238.191
353,Eustacia,Gladden,egladden9s@europa.eu,Female,47.172.78.130
354,Lionello,Wones,lwones9t@redcross.org,Genderfluid,
355,Shari,Mattiacci,smattiacci9u@senate.gov,,253.242.204.79
356,Carny,Lownie,clownie9v@google.de,Male,155.11.138.137
357,Alister,Tynewell,atynewell9w@networksolutions.com,Male,
358,Matthieu,Gloyens,mgloyens9x@buzzfeed.com,Male,208.219.237.131
359,Robby,Tetsall,rtetsall9y@elegantthemes.com,,101.133.252.230
360,Norrie,Redmond,nredmond9z@geocities.jp,Female,
361,Vivianne,Lempenny,vlempennya0@histats.com,,71.233.29.202
362,Mattie,Bygott,mbygotta1@mozilla.com,Male,
363,Berny,Roche,brochea2@etsy.com,Female,69.33.47.204
364,Albrecht,Jendrusch,ajendruscha3@foxnews.com,,
365,Kimble,Balchen,kbalchena4@berkeley.edu,,27.93.124.219
366,Phillipe,Balnave,pbalnavea5@so-net.ne.jp,Male,248.99.237.149
367,Wenona,Gildroy,wgildroya6@miibeian.gov.cn,Female,
368,Sven,Pavis,spavisa7@fotki.com,,103.174.160.28
369,Brina,Burgoyne,bburgoynea8@livejournal.com,Female,204.98.109.253
370,Carlo,Humphrey,chumphreya9@de.vu,Male,65.78.107.139
371,Heather,Conyard,hconyardaa@sakura.ne.jp,Female,
372,Martica,Collinson,mcollinsonab@businessinsider.com,Female,35.174.154.162
373,Normand,Gioan,ngioanac@nasa.gov,Male,18.248.169.204
374,Cosette,Addey,caddeyad@google.es,Female,83.150.184.182
375,Jacquelin,McBean,jmcbeanae@guardian.co.uk,Female,108.154.209.167
376,Artie,Thow,athowaf@ovh.net,Male,
377,Pandora,Fearnyough,pfearnyoughag@altervista.org,Female,228.121.212.65
378,Siegfried,Lebbern,slebbernah@miibeian.gov.cn,Male,58.171.99.97
379,Harli,Corbally,hcorballyai@microsoft.com,Female,
380,Winifield,Sharnock,wsharnockaj@smh.com.au,,157.133.234.24
381,Nevsa,Filon,nfilonak@vinaora.com,Female,
382,Eachelle,Pilsworth,epilsworthal@ucla.edu,Female,
383,Mattias,Brunstan,mbrunstanam@free.fr,Male,43.105.219.211
384,Barby,Driutti,bdriuttian@studiopress.com,Non-binary,149.55.85.231
385,Hartwell,Foxworthy,hfoxworthyao@techcrunch.com,Male,174.20.31.232
386,Cristobal,Edmondson,cedmondsonap@samsung.com,Male,254.35.8.34
387,Lexi,Rennick,lrennickaq@google.es,Female,161.108.191.170
388,Laughton,Ellissen,lellissenar@ifeng.com,Male,108.179.103.180
389,Evita,Dand,edandas@cisco.com,Female,91.174.183.91
390,Tomkin,Riccard,triccardat@cbslocal.com,Male,175.178.253.25
391,Ibrahim,Burley,iburleyau@epa.gov,Male,
392,Clemente,Boolsen,cboolsenav@angelfire.com,Male,150.59.8.47
393,Marena,Killiam,mkilliamaw@youtube.com,,
394,Johnny,Triswell,jtriswellax@usatoday.com,Male,
395,Juditha,Mullaney,jmullaneyay@wikispaces.com,Female,88.65.209.245
396,Hans,Thorold,hthoroldaz@stumbleupon.com,Male,246.37.127.65
397,Galen,Pedrollo,gpedrollob0@irs.gov,Bigender,89.89.139.192
398,Tamera,Hauch,thauchb1@pbs.org,Female,194.165.229.161
399,Paton,Jarvie,pjarvieb2@webmd.com,Male,218.137.132.48
400,Ruben,Akaster,rakasterb3@utexas.edu,Male,171.2.219.229
401,Nikkie,Reisen,nreisenb4@instagram.com,,120.194.77.91
402,Myrna,Lamble,mlambleb5@ezinearticles.com,,14.188.90.116
403,Isac,Fowlie,ifowlieb6@diigo.com,Male,
404,Broddie,Shergill,bshergillb7@time.com,,
405,Karmen,Ware,kwareb8@sakura.ne.jp,Genderqueer,10.56.54.194
406,Janaya,Simoneau,jsimoneaub9@google.es,Female,230.33.201.225
407,Mirilla,Toplis,mtoplisba@mac.com,,252.168.121.248
408,Renie,Ternouth,rternouthbb@hexun.com,Female,53.166.46.231
409,Jammal,Briddle,jbriddlebc@princeton.edu,Genderqueer,116.185.74.117
410,Zachery,Laidler,zlaidlerbd@symantec.com,Male,228.163.17.158
411,Caroline,Axelbey,caxelbeybe@etsy.com,Female,164.160.107.44
412,Wendall,Uebel,wuebelbf@ovh.net,Male,
413,Giavani,Connors,gconnorsbg@springer.com,Male,
414,Cristie,Seeks,cseeksbh@senate.gov,Female,98.124.50.89
415,Donall,Heino,dheinobi@skype.com,Male,244.129.50.106
416,Carmelina,Harbach,charbachbj@businesswire.com,Female,9.5.128.229
417,Anabella,Klimpke,aklimpkebk@oracle.com,Non-binary,
418,Kissie,Coursor,kcoursorbl@bigcartel.com,Polygender,144.0.11.160
419,Heinrick,Learie,hleariebm@joomla.org,Male,93.107.200.148
420,Stanly,Summerlie,ssummerliebn@phpbb.com,Male,139.80.224.187
421,Berti,Thomkins,bthomkinsbo@gmpg.org,,41.138.12.86
422,Allan,O' Cloney,aocloneybp@tripod.com,Male,157.93.228.163
423,Florrie,Moscrop,fmoscropbq@phoca.cz,Female,
424,Joelle,Swetland,jswetlandbr@skyrock.com,,129.82.90.215
425,Chaunce,Heimann,cheimannbs@tiny.cc,Male,183.218.242.85
426,Zack,Humpage,zhumpagebt@xing.com,Male,
427,Aleksandr,Astley,aastleybu@bbb.org,Male,155.237.168.14
428,Chickie,Pauletto,cpaulettobv@indiatimes.com,Female,21.59.35.98
429,Ervin,Izen,eizenbw@vkontakte.ru,Male,
430,Randy,Worswick,rworswickbx@360.cn,Male,31.146.223.152
431,Cindie,Totterdell,ctotterdellby@arizona.edu,Female,234.59.227.162
432,Mario,Durbann,mdurbannbz@state.gov,Male,156.93.44.98
433,Roley,Caldecutt,rcaldecuttc0@zdnet.com,Male,
434,Hyatt,Rozanski,hrozanskic1@paypal.com,Male,72.108.119.60
435,Cele,Divill,cdivillc2@icq.com,Female,26.173.212.107
436,Mandel,Stolle,mstollec3@un.org,Male,
437,Nikki,Blindt,nblindtc4@eepurl.com,Male,75.255.98.186
438,Adelbert,Hazelhurst,ahazelhurstc5@webmd.com,Male,59.198.229.252
439,Kaleena,Fobidge,kfobidgec6@people.com.cn,Female,232.78.168.53
440,Fallon,Leavry,fleavryc7@baidu.com,Female,
441,Holden,Beardwood,hbeardwoodc8@phoca.cz,Male,211.168.131.40
442,Darcy,Cottel,dcottelc9@google.de,Male,3.182.77.14
443,Janela,Jephcote,jjephcoteca@networkadvertising.org,,83.138.217.22
444,Vaughan,Case,vcasecb@forbes.com,Male,160.179.167.183
445,Cordie,McCullough,cmcculloughcc@google.it,,
446,Terri,Frankland,tfranklandcd@photobucket.com,Male,73.159.67.112
447,Starr,Glading,sgladingce@gnu.org,Female,38.137.234.53
448,Dyan,Krystof,dkrystofcf@wired.com,Female,107.81.80.114
449,Maurice,Oleszkiewicz,moleszkiewiczcg@oaic.gov.au,Male,208.183.167.245
450,Brittaney,McAvey,bmcaveych@spotify.com,Female,
451,Lewie,Duffield,lduffieldci@redcross.org,,157.71.114.70
452,Vergil,Brookfield,vbrookfieldcj@nsw.gov.au,,217.197.94.216
453,Alanah,Kelsall,akelsallck@patch.com,,113.128.121.128
454,Reinhold,Salleir,rsalleircl@time.com,Male,
455,Correna,Whitington,cwhitingtoncm@themeforest.net,,163.79.247.54
456,Bronnie,Pitway,bpitwaycn@wisc.edu,Male,
457,Sheelah,Romao,sromaoco@seattletimes.com,Female,
458,Barrett,Bassick,bbassickcp@google.co.uk,Male,129.101.26.18
459,Carney,Buller,cbullercq@exblog.jp,Male,248.49.232.197
460,Carlie,Getcliff,cgetcliffcr@slideshare.net,Male,161.238.133.55
461,Heindrick,Duchateau,hduchateaucs@digg.com,,
462,Adeline,Darwood,adarwoodct@yellowbook.com,Female,
463,Tymothy,Curbishley,tcurbishleycu@wikipedia.org,Male,214.139.95.134
464,Jen,Perrie,jperriecv@xing.com,,172.18.86.175
465,Hashim,O' Meara,homearacw@disqus.com,Male,29.155.11.238
466,Mathe,Adolfson,madolfsoncx@umich.edu,,26.3.74.176
467,Roselia,Mottinelli,rmottinellicy@geocities.jp,Female,169.235.92.104
468,Neala,MacAlester,nmacalestercz@ebay.co.uk,,28.157.140.197
469,Otis,Hanson,ohansond0@arstechnica.com,Male,144.135.127.98
470,Ev,Hacquoil,ehacquoild1@fc2.com,Male,73.100.35.141
471,Roarke,Kubiczek,rkubiczekd2@wikimedia.org,Male,
472,Warren,Stockhill,wstockhilld3@blogs.com,Male,
473,Lauralee,Bolger,lbolgerd4@comcast.net,Female,15.22.41.94
474,Valerie,McEnhill,vmcenhilld5@printfriendly.com,Bigender,238.193.144.71
475,Ricki,Sallenger,rsallengerd6@webeden.co.uk,Male,
476,Trudie,Boskell,tboskelld7@sciencedirect.com,Female,147.52.187.164
477,Peg,Pickrell,ppickrelld8@delicious.com,Female,35.138.190.41
478,Alane,Lingner,alingnerd9@imgur.com,Female,
479,Madison,Brickell,mbrickellda@springer.com,Male,138.72.128.170
480,Brooks,Horrell,bhorrelldb@ted.com,Male,
481,Ulric,Barclay,ubarclaydc@gnu.org,Male,
482,Gui,Piggens,gpiggensdd@virginia.edu,,123.171.163.69
483,Manya,Seamarke,mseamarkede@multiply.com,Female,250.173.24.55
484,Archy,Lerner,alernerdf@huffingtonpost.com,Male,
485,Tony,Gooderridge,tgooderridgedg@mysql.com,Male,44.198.171.177
486,Sara,Gulk,sgulkdh@miibeian.gov.cn,,175.93.67.69
487,Alla,Rossoni,arossonidi@usgs.gov,Female,
488,Conway,Pergens,cpergensdj@infoseek.co.jp,,120.43.226.11
489,Carny,Itzakson,citzaksondk@cam.ac.uk,Male,
490,Shelley,Kullmann,skullmanndl@eventbrite.com,Female,100.173.126.131
491,Damaris,Tuberfield,dtuberfielddm@alibaba.com,Female,
492,Agosto,Cockson,acocksondn@prnewswire.com,Male,60.61.94.180
493,Norbie,Davidove,ndavidovedo@admin.ch,Male,
494,Yale,Oakeby,yoakebydp@pcworld.com,Male,217.78.73.218
495,Zeb,Beri,zberidq@soundcloud.com,Male,
496,Gwenni,Dettmar,gdettmardr@ezinearticles.com,,100.199.77.15
497,Brynne,Bilby,bbilbyds@php.net,Female,9.215.190.235
498,Lavinie,Knewstubb,lknewstubbdt@nydailynews.com,Female,83.166.32.179
499,Bard,Peers,bpeersdu@phoca.cz,Male,65.129.35.246
500,Rayshell,Adger,radgerdv@clickbank.net,Female,5.222.173.21
